timestamp	company	status
2026-09-24T14:01:08.000Z	Brightwater Health	reachable
2026-09-24T14:01:08.000Z	Cobalt Freight	reachable
2026-09-24T14:01:08.000Z	Driftwood Analytics	reachable
2026-09-24T14:01:08.000Z	Ember Payments	reachable
2026-09-24T14:01:08.000Z	Fernhill Robotics	reachable
2026-09-24T14:01:08.000Z	Granite Cloud	reachable
2026-09-24T14:01:08.000Z	Harbor Learning	reachable
2026-09-24T14:01:08.000Z	Ironleaf Security	reachable
2026-09-24T14:01:08.000Z	Juniper Mobility	slug_gone
2026-09-24T14:01:08.000Z	Lumen Grid	reachable
2026-09-24T14:01:08.000Z	Mosaic Retail	reachable
