1	2026-08-15	Evaluated	Applied	set-status	
1	2026-08-18	Applied	Responded	set-status	
1	2026-08-21	Responded	Interview	set-status	
1	2026-08-24	Interview	Offer	set-status	
1	2026-08-27	Offer	Hired	set-status	
2	2026-08-16	Evaluated	Applied	set-status	
2	2026-08-19	Applied	Responded	set-status	
2	2026-08-22	Responded	Interview	set-status	
2	2026-08-25	Interview	Offer	set-status	
3	2026-08-17	Evaluated	Applied	set-status	
3	2026-08-20	Applied	Responded	set-status	
3	2026-08-23	Responded	Interview	set-status	
4	2026-08-18	Evaluated	Applied	set-status	
4	2026-08-21	Applied	Responded	set-status	
4	2026-08-24	Responded	Interview	set-status	
5	2026-08-20	Evaluated	Applied	set-status	
5	2026-08-23	Applied	Responded	set-status	
5	2026-08-26	Responded	Interview	set-status	
6	2026-08-21	Evaluated	Applied	set-status	
6	2026-08-24	Applied	Responded	set-status	
7	2026-08-22	Evaluated	Applied	set-status	
7	2026-08-25	Applied	Responded	set-status	
8	2026-08-23	Evaluated	Applied	set-status	
9	2026-08-25	Evaluated	Applied	set-status	
10	2026-08-26	Evaluated	Applied	set-status	
11	2026-08-27	Evaluated	Applied	set-status	
21	2026-09-09	Evaluated	Applied	set-status	
22	2026-09-10	Evaluated	Applied	set-status	
23	2026-09-11	Evaluated	Applied	set-status	
23	2026-09-14	Applied	Responded	set-status	
23	2026-09-17	Responded	Rejected	set-status	
24	2026-09-12	Evaluated	Applied	set-status	
24	2026-09-15	Applied	Responded	set-status	
24	2026-09-18	Responded	Rejected	set-status	
37	2026-09-29	Evaluated	Applied	set-status	
37	2026-10-02	Applied	Responded	set-status	
37	2026-10-05	Responded	Rejected	set-status	
39	2026-10-01	Evaluated	Applied	set-status	
39	2026-10-04	Applied	Responded	set-status	
39	2026-10-05	Responded	Rejected	set-status	
